id;matricule;datedemande;datedebutmisedisposition;datefinmisedisposition;heurdebut;heurfin;motif;typevehicule;lieudepart;lieuarrive;division;services;nombrebenificiaire;beneficiaire;piecejointes;piecejointes_content_type;statutdis
1;matrix compressing ADP;2021-06-10;2021-06-11;2021-06-11;2021-06-10;2021-06-11;Personal Loan Account;District redundant Paradigm;payment;deposit Right-sized Heard Island and McDonald Islands;Rustic;portal;58419;Pre-emptive;../fake-data/blob/hipster.png;image/png;withdrawal
2;Bedfordshire;2021-06-10;2021-06-11;2021-06-11;2021-06-11;2021-06-11;HDD;Bedfordshire Personal Loan Account Indian Rupee;navigate networks;back up Liaison;Chair;Global Checking Account auxiliary;50480;paradigm;../fake-data/blob/hipster.png;image/png;extranet
3;Landing virtual out-of-the-box;2021-06-11;2021-06-10;2021-06-10;2021-06-10;2021-06-11;Horizontal reinvent;Unbranded Plastic Tuna Guadeloupe orchestration;panel Hat;Arkansas;invoice exuding Factors;Profound sensor;32824;invoice;../fake-data/blob/hipster.png;image/png;Functionality Personal Loan Account
4;Berkshire Euro reboot;2021-06-11;2021-06-11;2021-06-11;2021-06-10;2021-06-11;enable synthesize;connect global Colombian Peso Unidad de Valor Real;Chief convergence Tuna;European Unit of Account 9(E.U.A.-9);fuchsia Fantastic Steel Car partnerships;China Cotton;7936;Canyon Refined;../fake-data/blob/hipster.png;image/png;Shoal
5;Buckinghamshire syndicate;2021-06-11;2021-06-11;2021-06-11;2021-06-11;2021-06-10;Kip interfaces Enhanced;Director Run;systems Customer-focused;Antigua and Barbuda orchestrate;Borders Bacon;Identity;17534;India Ergonomic Cotton Table capacitor;../fake-data/blob/hipster.png;image/png;Centralized
6;HDD Ergonomic Fresh Hat National;2021-06-10;2021-06-11;2021-06-11;2021-06-11;2021-06-10;Convertible Marks Rapid;Cambridgeshire Iranian Rial;Concrete Internal asymmetric;withdrawal;Berkshire;Applications hacking analyzer;88898;grey Up-sized Hat;../fake-data/blob/hipster.png;image/png;magenta
7;e-tailers;2021-06-11;2021-06-11;2021-06-11;2021-06-10;2021-06-11;Legacy;Buckinghamshire knowledge user;index Borders;Kids;synthesize circuit foreground;Electronics;25106;Quality Incredible generate;../fake-data/blob/hipster.png;image/png;Chief
8;extranet ROI;2021-06-10;2021-06-10;2021-06-11;2021-06-10;2021-06-10;complexity PNG South Dakota;Armenian Dram invoice calculate;parse bandwidth-monitored;multi-byte;Markets Practical Rubber Sausages;Licensed sensor Lodge;10071;Upgradable;../fake-data/blob/hipster.png;image/png;Assistant
9;connect generating;2021-06-11;2021-06-11;2021-06-11;2021-06-11;2021-06-10;1080p;functionalities Practical Gorgeous;bus Wooden Proactive;neural;Creative;Buckinghamshire rich;66092;Oregon;../fake-data/blob/hipster.png;image/png;auxiliary Savings Account
10;Jewelery;2021-06-10;2021-06-11;2021-06-10;2021-06-10;2021-06-11;24/365 Administrator;solid state compressing Automated;portals harness invoice;invoice;action-items Lights;Re-engineered FTP;73905;Latvian Lats;../fake-data/blob/hipster.png;image/png;Rand Namibia Dollar
